id,Municipio,2015,2016,2017,2018,2019,2020,2021
1,Abejones,"8,400,543","8,858,575","12,918,488","9,267,467","10,093,756","10,208,254","29,564,212"
2,Acatlán de Pérez Figueroa,"111,884,889","149,082,724","132,156,844","132,191,222","142,819,794","140,947,452","139,048,826"
3,Asunción Cacalotepec,0,0,"10,604,079","14,463,086","18,953,187","15,091,610","12,949,430"
4,Asunción Cuyotepeji,"4,981,833","12,117,296","5,253,271","4,218,214","4,433,405","4,501,072","4,607,680"
5,Asunción Ixtaltepec,"84,595,566","85,612,173","51,623,778","84,461,532","70,368,928","67,565,868","64,984,804"
6,Asunción Nochixtlán,"72,748,070",0,"64,247,891","61,604,096","71,000,424","97,457,251","72,944,770"
7,Asunción Ocotlán,"11,483,894",0,"14,276,784","15,774,175","15,941,737","15,905,167","15,821,049"
8,Asunción Tlacolulita,"4,157,612","4,531,841","3,573,213","4,903,064","14,325,309","6,800,557","7,074,300"
9,Ayotzintepec,"28,640,857","26,059,617","22,985,079","34,365,764",0,0,0
10,El Barrio de la Soledad,"38,253,628","44,298,674","39,903,892","47,255,613","49,741,502","51,743,015","45,561,854"
11,Calihualá,"3,978,628","4,622,089","4,305,942","5,219,208","6,059,713","5,996,232","6,001,861"
12,Candelaria Loxicha,0,0,"37,713,183","44,620,121","53,232,216","49,902,804","52,464,122"
13,Ciénega de Zimatlán,"29,822,566","21,836,350","24,343,807","17,016,736","14,166,794","15,208,036","14,612,065"
14,Ciudad Ixtepec,"108,041,698","90,290,975","110,950,318","96,582,032","116,701,460","88,645,939","97,078,722"
15,Coatecas Altas,"20,554,175","31,047,232","23,386,881","26,823,417","25,841,009","25,319,674",0
16,Coicoyán de las Flores,"43,212,474",0,"41,291,585","61,128,545","59,246,793","54,427,075","52,560,479"
17,La Compañía,"12,466,680","18,100,637","14,597,268","18,151,065","16,102,552","15,899,144","18,201,453"
18,Concepción Buenavista,"5,769,325","3,886,298","3,788,326","4,551,163","5,082,157","5,184,192","4,995,763"
19,Concepción Pápalo,0,"9,492,327",0,"11,100,238","11,724,947","13,193,806","12,262,236"
20,Constancia del Rosario,"15,460,904","16,122,870","17,531,818","19,067,842","25,265,444","25,031,994","25,030,800"
21,Cosolapa,"42,397,707",0,"41,099,862",0,"77,258,379","70,714,251","56,927,824"
22,Cosoltepec,"4,366,992","4,152,403","4,423,590","7,987,645","5,447,821","5,336,004","5,454,051"
23,Cuilápam de Guerrero,"59,898,962","60,781,843","78,143,300","80,794,867","73,174,814","73,264,682","104,347,889"
24,Cuyamecalco Villa de Zaragoza,"18,673,084","23,840,843","21,971,833","30,492,605","24,917,409","40,507,274",0
25,Chahuites,"33,324,899","35,752,979","38,427,427","36,677,829","42,458,438","38,765,848","37,928,286"
26,Chalcatongo de Hidalgo,0,"58,536,610","42,783,020","38,233,214","65,877,764","41,004,649","42,120,362"
27,Chiquihuitlán de Benito Juárez,"12,197,482","12,221,214","14,750,711","13,091,003","19,569,875","14,128,606","21,258,224"
28,Heroica Ciudad de Ejutla de Crespo,"49,949,965",0,"71,336,429","77,499,360","65,621,681","72,909,342","66,637,716"
29,Eloxochitlán de Flores Magón,0,"23,443,481","24,155,011","30,788,452","29,269,679","29,042,798","32,199,067"
30,El Espinal,"48,111,723","37,412,518","67,913,546","54,422,925",0,0,0
31,Tamazulápam del Espíritu Santo,"29,729,999","35,764,960","39,165,963","41,676,169","38,161,506","39,075,591","35,848,291"
32,Fresnillo de Trujano,"6,536,846","4,148,201","7,766,972","4,994,320","5,526,331","6,020,543","5,788,469"
33,Guadalupe Etla,"5,675,955","8,612,469","9,798,761","12,049,362","12,746,136","9,778,953","9,769,340"
34,Guadalupe de Ramírez,"4,155,563","5,356,170","4,630,484","7,400,215","5,879,091","6,087,331","5,915,830"
35,Guelatao de Juárez,"5,750,836","25,139,779","21,330,584","7,610,579","5,972,807",0,0
36,Guevea de Humboldt,"16,850,497","14,914,648","15,307,957","20,536,625","23,068,518","22,504,146","24,417,039"
37,Mesones Hidalgo,"19,342,243","18,742,584","17,261,453","25,729,125","22,333,571","22,275,417","24,554,829"
38,Villa Hidalgo,"9,409,083","10,040,555","8,651,150","10,532,078","10,799,742","10,678,027","10,477,869"
39,Heroica Ciudad de Huajuapan de León,"273,174,459","347,137,928","350,339,923","331,011,867","308,064,147","311,470,317","316,983,707"
40,Huautepec,0,0,0,0,0,"36,652,586","35,836,444"
41,Huautla de Jiménez,"164,249,401",0,"119,621,191",0,0,0,0
42,Ixtlán de Juárez,"24,380,538",0,"26,431,897","33,979,149","41,120,647","37,543,226","36,729,233"
43,Heroica Ciudad de Juchitán de Zaragoza,"362,941,914",0,"434,086,431","376,280,803",0,0,0
44,Loma Bonita,"205,001,283","250,775,498","204,445,545","294,643,997","153,632,037","156,951,446","165,109,630"
45,Magdalena Apasco,"18,100,686","30,962,891","21,318,250","25,023,377","24,911,979","25,652,219","31,215,142"
46,Magdalena Jaltepec,"19,993,723","17,184,385","14,107,761","23,186,406","21,445,074","19,159,900","18,660,288"
47,Santa Magdalena Jicotlán,"1,868,310","1,282,456","1,455,635","2,828,168","2,411,699","2,557,151","2,398,749"
48,Magdalena Mixtepec,"7,563,687","6,005,249","11,413,459","11,124,577","8,455,998","8,472,500","25,596,552"
49,Magdalena Ocotlán,"4,093,931","8,793,521","7,535,172","5,233,493","5,934,451","5,933,226","5,846,279"
50,Magdalena Peñasco,"20,197,068","26,631,113","18,350,796","17,939,857","31,078,110","16,531,865","20,033,120"
51,Magdalena Teitipac,"22,143,278","18,608,000","19,730,496","23,344,490","26,689,140","31,248,789","29,601,786"
52,Magdalena Tequisistlán,"40,283,057","23,281,658","24,052,639","22,418,915","24,552,669","24,301,183","24,100,033"
53,Magdalena Tlacotepec,"11,588,985","11,684,789","10,356,820","10,626,214","9,846,422","9,697,952","10,099,217"
54,Magdalena Zahuatlán,"2,243,341","2,348,335","2,390,046","4,493,550","3,338,074","3,345,986","3,279,012"
55,Mariscala de Juárez,"14,442,326","20,175,623","11,463,820","12,350,585","18,413,112","14,993,839","16,963,959"
56,Mártires de Tacubaya,0,0,0,0,"6,398,214","6,365,036","6,208,609"
57,Matías Romero Avendaño,"106,770,496","122,235,047","127,740,236","127,627,245","139,686,432","143,754,662","139,533,738"
58,Mazatlán Villa de Flores,"41,198,733","49,516,923","48,631,357","57,312,852","62,775,786","43,548,960","76,140,231"
59,Miahuatlán de Porfirio Díaz,"150,465,442",0,"140,288,546","132,627,529","148,864,546","196,127,846","162,071,284"
60,Mixistlán de la Reforma,"12,451,764","16,167,092",0,"13,014,378",0,0,"16,494,935"
61,Monjas,"15,975,901","24,250,225","15,550,939","15,696,480","20,607,117","15,518,661","15,120,615"
62,Natividad,"6,732,322","2,354,783","4,159,859","3,091,142","3,675,412","3,970,393","4,804,223"
63,Nazareno Etla,"6,528,311","12,442,931","9,404,798","13,821,808",0,0,"9,873,173"
64,Nejapa de Madero,"25,672,568","33,114,033",0,"30,134,760","49,957,004",0,"30,163,867"
65,Ixpantepec Nieves,"5,826,335","9,135,640","5,236,264","8,323,497","10,351,642","7,000,148","7,222,009"
66,Santiago Niltepec,"31,673,763",0,"34,890,642","24,002,714","26,982,210","30,946,286","30,969,545"
67,Oaxaca de Juárez,"1,981,322,572","1,836,130,084","1,429,397,152","1,671,901,342","1,798,539,534","1,697,560,436","1,745,277,394"
68,Ocotlán de Morelos,"61,282,624","74,860,454","75,919,279","77,879,512","79,949,720","83,725,838","95,018,251"
69,La Pe,"8,148,212",0,"10,064,151","13,151,731","11,639,249","11,606,667","11,536,454"
70,Pinotepa de Don Luis,"26,738,534","24,577,564","27,379,601","28,667,072","38,017,205","31,308,208","46,583,822"
71,Pluma Hidalgo,"16,424,962","48,085,728","21,071,002","30,696,735","20,896,239","20,916,480","22,015,475"
72,San José del Progreso,"78,207,218",0,"51,387,800","92,085,719","98,826,432","61,267,931","73,009,387"
73,Putla Villa de Guerrero,"106,853,202",0,"95,952,269","97,119,989","127,291,006","112,280,905","116,271,474"
74,Santa Catarina Quioquitani,"5,239,440","4,777,238","4,704,984","5,485,309","5,238,307","4,961,905","7,128,403"
75,Reforma de Pineda,0,0,"11,394,452","17,800,799","13,455,568","12,907,555","15,324,780"
76,La Reforma,"10,364,529","16,169,266","13,810,578","11,497,607","14,778,213","30,071,461","24,966,409"
77,Reyes Etla,"14,830,856","15,689,013","6,945,484","11,067,069","11,380,709","11,985,388","12,065,759"
78,Rojas de Cuauhtémoc,"4,106,772","9,995,623","4,700,025","5,951,613","7,185,907","18,512,372","16,741,744"
79,Salina Cruz,"266,449,485","363,908,016","307,079,682","403,619,693","333,362,136","360,995,387","321,977,720"
80,San Agustín Amatengo,"4,477,227","6,910,167","11,164,280","10,256,620","6,864,699","6,902,727","6,731,493"
81,San Agustín Atenango,"10,378,647","7,455,118","7,133,838","13,626,248","8,922,992","8,918,813","9,008,688"
82,San Agustín Chayuco,"12,533,726","12,219,091","14,494,953","17,196,851","16,873,436","16,673,050","17,583,301"
83,San Agustín de las Juntas,"16,838,412","21,983,883","23,789,642","27,828,292","32,966,017","30,997,567","27,882,917"
84,San Agustín Etla,"10,729,544","25,067,557","20,711,206","18,772,324","19,317,773","18,056,236","13,831,189"
85,San Agustín Loxicha,"93,919,602",0,"105,461,179","166,581,975","136,874,152","136,273,895","135,977,160"
86,San Agustín Tlacotepec,"11,262,861","12,876,786","4,628,030","8,900,820","8,162,378","6,759,534","16,326,342"
87,San Agustín Yatareni,"11,521,470","23,761,199","11,312,661","12,804,215","24,069,035","14,744,372","15,954,387"
88,San Andrés Cabecera Nueva,0,"33,484,498","17,101,484","21,447,770","17,727,132","19,343,661","22,987,279"
89,San Andrés Dinicuiti,"8,504,248","6,975,089","7,753,544","6,597,036","7,555,448","7,441,144","8,012,808"
90,San Andrés Huaxpaltepec,"18,532,095","16,655,189","17,759,776","25,136,070","23,886,857","22,840,909","23,885,131"
91,San Andrés Huayápam,"13,254,150","18,428,364","15,854,955","20,444,037","21,601,329","20,142,343","19,403,583"
92,San Andrés Ixtlahuaca,"12,775,304","13,694,712","11,031,853","12,924,736","8,158,804","7,648,118",0
93,San Andrés Lagunas,"2,782,671","2,464,929","2,997,081","3,814,995","4,294,890","4,074,559","4,007,365"
94,San Andrés Nuxiño,"10,536,756","6,969,117","8,847,658","8,421,895","13,541,031","9,897,926","10,063,730"
95,San Andrés Paxtlán,"18,918,911","28,297,877","23,639,459","21,305,190","25,807,390","24,294,303","23,404,236"
96,San Andrés Sinaxtla,"9,038,001","8,014,837","6,434,967","4,103,884","4,814,407","4,754,093","4,683,838"
97,San Andrés Solaga,"16,710,707","7,464,244","10,634,308","12,290,274","7,729,314","10,783,236","7,552,204"
98,San Andrés Teotilálpam,"21,976,907","18,252,677","18,458,483","20,180,602","43,032,061","23,567,282","23,061,282"
99,San Andrés Tepetlapa,"3,271,193","7,274,328","3,472,611","4,233,671","4,940,096","4,727,476","4,854,572"
100,San Andrés Yaá,"2,938,962","2,968,835","3,045,980","4,180,168","4,901,900","11,859,232","4,773,816"
101,San Andrés Zabache,"11,901,416","10,669,834","7,999,940","6,512,776","5,580,740","5,330,725","5,491,984"
102,San Andrés Zautla,"19,680,050","44,790,524","24,385,435","43,334,207","22,683,812","28,868,525","17,082,935"
103,San Antonino Castillo Velasco,"25,011,069","28,623,063","22,078,025","29,133,469","29,652,676","30,452,749","29,898,166"
104,San Antonino el Alto,"23,633,768","28,729,520","20,978,029","24,254,649","49,212,239","32,055,300","16,383,065"
105,San Antonino Monte Verde,"40,625,778","29,047,468","39,510,850","37,785,062","33,415,409","36,744,686","26,689,428"
106,San Antonio Acutla,"3,397,522","1,901,392","2,046,574","3,816,930","4,654,256","5,490,375","18,280,505"
107,San Antonio de la Cal,"51,680,646",0,"59,920,573","78,384,751",0,0,"56,533,365"
108,San Antonio Huitepec,"21,464,949","28,022,846","23,087,139",0,"23,175,715","20,030,339","35,123,354"
109,San Antonio Nanahuatípam,"5,118,160","4,877,912","3,373,745","4,011,305","6,390,469","4,372,648","4,354,527"
110,San Antonio Sinicahua,"14,436,848","17,889,758","9,410,457","10,491,517","11,697,146","11,782,727","14,773,306"
111,San Antonio Tepetlapa,"18,397,010",0,"15,756,427","17,709,591","21,702,105","10,178,910","20,127,709"
112,San Baltazar Chichicápam,"11,851,728",0,"14,344,534","16,122,308","17,165,638",0,"14,893,723"
113,San Baltazar Loxicha,"13,210,706","12,392,324","17,032,423","15,501,293","19,028,458","14,699,587","14,528,774"
114,San Baltazar Yatzachi el Bajo,"5,710,781","6,015,699","5,618,839","3,790,347","4,366,579","4,392,723","4,833,297"
115,San Bartolo Coyotepec,"25,413,495","29,628,819","22,171,281","21,899,153","25,300,485","23,719,056","24,961,287"
116,San Bartolomé Ayautla,"16,840,972","18,660,414","25,139,071","20,758,207","23,892,902","23,919,253","23,943,013"
117,San Bartolomé Loxicha,0,0,"12,227,049","11,787,686","13,270,282","13,231,789","12,869,842"
118,San Bartolomé Quialana,"27,129,774","22,701,087","20,245,365","20,693,044","26,215,081","18,585,368","23,164,504"
119,San Bartolomé Yucuañe,"2,715,120","3,740,740","4,773,687","3,566,442","11,006,253","4,084,244","4,267,683"
120,San Bartolomé Zoogocho,"2,410,558","2,471,691","5,916,068","5,469,467","4,269,671","3,962,384","4,110,115"
121,San Bartolo Soyaltepec,"3,043,147","3,057,136","3,235,846","4,303,724","4,223,475","4,334,739","4,030,725"
122,San Bartolo Yautepec,0,"7,202,975","7,696,353","4,272,974","4,436,328","4,489,137","4,578,399"
123,San Bernardo Mixtepec,"16,652,431","24,771,933","18,701,734","19,887,977","22,802,981","13,618,756","17,266,325"
124,San Blas Atempa,"151,158,037","139,498,499","200,359,041","137,890,214","75,803,053","81,058,769","85,619,935"
125,San Carlos Yautepec,"40,579,813",0,0,0,"55,766,696","49,309,616","80,143,468"
126,San Cristóbal Amatlán,"20,574,389","22,993,528","24,488,305","30,323,030","27,737,131","27,713,537","26,984,848"
127,San Cristóbal Amoltepec,"8,197,689","10,570,585","10,944,877","9,488,012","12,591,088","32,663,065","10,865,212"
128,San Cristóbal Lachirioag,"4,116,322","5,206,056","6,016,754","6,048,468","6,924,696","6,828,468","6,765,201"
129,San Cristóbal Suchixtlahuaca,"6,241,417","4,274,548","4,314,567","5,310,324","5,980,797","5,484,167","6,187,672"
130,San Dionisio del Mar,"31,757,679","28,834,283","21,877,893",0,0,"41,496,745",0
131,San Dionisio Ocotepec,0,"57,315,282","36,734,953","47,501,083","40,142,105","40,684,528","41,759,913"
132,San Dionisio Ocotlán,"4,800,054","15,373,258","8,717,394","11,214,011","8,416,363","25,652,973","16,703,567"
133,San Esteban Atatlahuca,"31,426,100","45,333,686","22,222,389","36,709,261","33,289,659","27,776,691","26,680,838"
134,San Felipe Jalapa de Díaz,"75,175,128",0,"88,771,094","165,813,843","137,355,613","127,074,028","128,248,191"
135,San Felipe Tejalápam,"36,317,003","40,810,409","23,891,139","26,750,175","38,142,821","27,610,230","27,882,874"
136,San Felipe Usila,"63,995,645","79,791,874","50,178,978","49,566,198","56,123,506","73,235,047","55,367,415"
137,San Francisco Cahuacuá,"27,602,354","25,801,454","31,929,701","25,971,278","27,739,581","39,449,245","47,661,952"
138,San Francisco Cajonos,"2,059,290","2,099,630","2,141,466","3,143,583","3,735,746","4,020,817","3,597,279"
139,San Francisco Chapulapa,0,"27,561,273","9,598,631","11,000,329","17,575,464","13,118,813","15,338,994"
140,San Francisco Chindúa,"13,336,833","7,680,273","4,978,128","10,742,258","6,122,833","3,631,581","3,586,845"
141,San Francisco del Mar,"24,366,857","31,355,405","26,264,825","29,747,999","32,206,249","31,786,363","33,116,580"
142,San Francisco Huehuetlán,0,"6,775,077","4,625,807","5,486,349","6,275,082","6,171,871","5,885,376"
143,San Francisco Ixhuatán,"34,908,595",0,"27,268,015",0,"35,440,170","36,616,195","36,320,424"
144,San Francisco Jaltepetongo,"6,436,167","7,722,684","10,492,403",0,"8,065,966","6,321,824","6,250,335"
145,San Francisco Lachigoló,"10,651,503","16,750,775","12,072,762","13,476,914","15,441,516","15,384,701","20,914,167"
146,San Francisco Logueche,"14,432,798","18,794,840","15,026,788","20,160,389","18,560,823","15,228,792","15,040,012"
147,San Francisco Nuxaño,"5,707,233","9,482,604","4,202,356","5,431,622","6,446,084","6,449,361","6,150,237"
148,San Francisco Ozolotepec,"10,471,277","18,985,043","8,734,260","11,277,156","19,765,714","18,173,278","22,888,843"
149,San Francisco Sola,"13,425,615","12,383,990","6,536,886","8,424,357","8,575,265","8,515,094","8,633,320"
150,San Francisco Telixtlahuaca,0,0,"35,268,166","38,185,221","33,087,739","35,438,152","35,839,838"
151,San Francisco Teopan,"2,040,531","2,174,089","2,113,932","2,635,721","2,919,418","2,893,549","2,831,637"
152,San Francisco Tlapancingo,"7,034,818","7,984,887","7,674,749","9,233,695","11,093,927","18,096,222","10,817,797"
153,San Gabriel Mixtepec,"35,773,043","33,471,700","15,806,805","17,916,677","19,433,156","19,531,874","18,562,904"
154,San Ildefonso Amatlán,"10,411,685","11,719,154","12,007,274","14,094,209","13,499,148","14,646,440","13,116,414"
155,San Ildefonso Sola,"8,060,023","17,091,065","10,180,870","7,795,886","9,195,994","6,876,389","6,707,328"
156,San Ildefonso Villa Alta,"18,944,488","19,269,730","17,707,785","26,070,076","19,073,828","13,353,737","13,670,331"
157,San Jacinto Amilpas,0,"77,620,549","74,255,393","106,980,319","47,252,060","48,627,465",0
158,San Jacinto Tlacotepec,"9,501,367","9,692,946","18,142,994","19,589,683","13,624,135","13,846,986","13,094,502"
159,San Jerónimo Coatlán,"22,376,961","25,075,488","24,590,191","27,519,129","26,577,610","26,293,097","25,509,493"
160,San Jerónimo Silacayoapilla,"8,789,362","11,888,381","9,041,690","6,979,224","9,720,989","7,533,749","7,639,719"
161,San Jerónimo Sosola,0,0,"13,046,448","10,916,166","13,392,420","12,719,490","16,367,550"
162,San Jerónimo Taviche,"7,904,677","7,274,731","7,876,829","10,452,853","10,016,675","13,203,571","17,085,121"
163,San Jerónimo Tecóatl,"8,816,931","8,611,431","7,316,752","8,394,804","10,053,368","9,501,500","9,365,176"
164,San Jorge Nuchita,"9,414,971",0,"13,108,828","10,532,369","27,500,782","12,255,449","14,175,087"
165,San José Ayuquila,"6,255,492","8,018,000","5,979,877","9,604,760","7,792,118","8,155,125","7,727,988"
166,San José Chiltepec,0,0,"34,051,411","45,718,128","43,273,256","45,608,948","42,660,765"
167,San José del Peñasco,"12,581,594","11,985,876","10,091,756","12,913,258","11,261,349","14,498,468","14,135,409"
168,San José Estancia Grande,0,"3,938,661","5,094,747","7,213,774","5,267,681","5,175,205","5,031,826"
169,San José Independencia,"16,604,061","24,289,879","16,143,835",0,"19,653,051","32,063,619","61,564,329"
170,San José Lachiguiri,"17,569,295","24,090,873","19,296,675","19,928,127","22,240,649","23,650,900","22,280,004"
171,San José Tenango,"94,317,032",0,"102,769,081","112,895,570","128,456,001","127,052,090","123,071,875"
172,San Juan Achiutla,"2,758,057","2,967,699","3,738,604","4,729,523","3,989,234","2,973,214","3,102,044"
173,San Juan Atepec,"7,681,885","9,182,432","15,046,216","5,386,600","10,895,581","6,709,338","59,148,583"
174,Ánimas Trujano,0,0,"7,091,470","7,587,080","11,796,232","11,164,432","10,931,883"
175,San Juan Bautista Atatlahuca,"7,064,174","6,366,696",0,0,"10,204,267","7,784,708","7,323,804"
176,San Juan Bautista Coixtlahuaca,"12,859,864","20,435,221","12,522,879","15,950,753","15,424,784","14,886,296","15,152,412"
177,San Juan Bautista Cuicatlán,"41,026,474",0,"43,909,450","46,035,983","37,581,416","37,217,632","41,903,258"
178,San Juan Bautista Guelache,"13,346,971","15,229,102","12,435,727",0,"21,591,592","15,760,508","15,044,585"
179,San Juan Bautista Jayacatlán,"21,954,364","15,756,762","6,022,362","10,462,920","7,738,012","8,170,644","34,731,460"
180,San Juan Bautista Lo de Soto,"13,453,969",0,"7,776,576",0,"9,698,137","9,651,452","9,456,414"
181,San Juan Bautista Suchitepec,"4,161,990","8,136,634","8,586,854","3,751,446","4,438,600","11,886,356","4,220,475"
182,San Juan Bautista Tlacoatzintepec,0,"11,854,983","17,924,525","10,831,153","17,848,146","57,041,045","26,595,140"
183,San Juan Bautista Tlachichilco,"5,330,112","8,877,808","8,816,337","6,798,026","8,959,858","20,876,680","29,495,541"
184,San Juan Bautista Tuxtepec,"525,419,204","660,733,346","737,278,165","727,439,168","792,696,767","767,277,277","691,633,760"
185,San Juan Cacahuatepec,"22,465,132","24,948,887","32,657,120","27,546,004","29,683,055","36,842,184","28,963,306"
186,San Juan Cieneguilla,"5,299,582","5,196,937","3,127,356","3,705,090","6,207,414","4,057,119","4,118,105"
187,San Juan Coatzóspam,"15,687,275","24,379,294","18,160,633","13,289,217","42,680,807","18,946,504","22,017,824"
188,San Juan Colorado,"38,562,047","53,317,793","37,053,518","33,003,527","37,530,526","40,450,926","35,614,410"
189,San Juan Comaltepec,"17,880,791","23,058,374","17,209,512","19,182,151","24,010,616","21,898,439","27,446,721"
190,San Juan Cotzocón,"89,871,881","67,515,348","74,871,332","75,248,469","82,916,315",0,"111,784,389"
191,San Juan Chicomezúchil,"1,504,141","7,603,113","1,296,154","3,629,675","1,554,495","1,580,601","1,510,227"
192,San Juan Chilateca,"8,910,780","11,007,359","16,269,926","12,536,263","5,895,335","6,493,564","6,574,186"
193,San Juan del Estado,"9,185,209","9,478,095","14,666,611","9,429,195","10,699,490","12,245,153","14,529,687"
194,San Juan del Río,"5,345,396","7,818,282","5,685,364","9,688,812","11,893,436","7,192,957","29,523,170"
195,San Juan Diuxi,"7,663,244","8,322,933","13,314,241","7,899,097","10,684,145","8,984,254","8,724,530"
196,San Juan Evangelista Analco,"6,121,326","5,539,452","2,901,773","2,202,488","2,422,161","3,583,130","3,619,335"
197,San Juan Guelavía,"16,629,052","16,626,339","17,942,351","15,480,243","16,254,736","17,627,642","16,886,178"
198,San Juan Guichicovi,"126,112,090","114,397,353","101,116,567","109,093,761","116,383,781","117,130,469","117,945,449"
199,San Juan Ihualtepec,"3,467,679","10,657,665","3,726,168","4,391,209","4,991,197","4,953,547","4,733,043"
200,San Juan Juquila Mixes,0,"21,611,630","20,287,209","16,713,231","22,553,605","18,682,009","18,006,662"
201,San Juan Juquila Vijanos,"10,131,603","11,716,826","6,137,928","8,971,479","8,105,130","8,220,308","7,818,222"
202,San Juan Lachao,"20,275,429","23,525,582","16,231,632","18,770,458","20,168,533","20,329,141","19,446,335"
203,San Juan Lachigalla,"18,898,029","19,562,459","13,163,213","19,169,487","17,283,431","16,903,812","16,683,113"
204,San Juan Lajarcia,"3,263,236","5,825,448","5,060,041","8,653,481","6,202,515","4,641,472","4,825,280"
205,San Juan Lalana,"84,842,118",0,"88,308,941","84,711,322","125,077,234","123,991,992","111,234,411"
206,San Juan de los Cués,"13,657,625","10,697,632","6,788,517","9,819,895","9,324,932","9,214,478","9,362,972"
207,San Juan Mazatlán,"91,970,756","86,263,272","89,160,174","82,725,843","88,573,526","90,029,168","89,415,177"
208,San Juan Mixtepec,"46,000,506","43,676,736","39,310,951","41,471,498","40,228,474","37,993,319","37,253,846"
209,San Juan Mixtepec,"4,282,585","6,391,878","4,439,882","6,917,813","9,492,023","21,069,164","21,325,625"
210,San Juan Ñumí,"22,989,586","38,989,818","25,529,637","27,061,904","48,109,089","30,044,464","30,496,280"
211,San Juan Ozolotepec,0,0,"12,548,286","22,476,354","19,989,167","15,846,489","16,177,873"
212,San Juan Petlapa,"47,324,313",0,"24,385,468","25,587,136","35,621,011","27,744,762","27,385,166"
213,San Juan Quiahije,"15,420,431","15,392,418","14,624,624","26,540,774","20,575,591","34,820,086","31,059,950"
214,San Juan Quiotepec,"16,345,927","9,097,567","8,225,127","9,139,557","11,497,526","10,506,940","10,124,048"
215,San Juan Sayultepec,"6,310,173","5,739,061","3,349,997","4,790,551","5,689,955","5,670,681","5,602,370"
216,San Juan Tabaá,"4,418,463","6,946,261","6,017,523","7,125,159","6,286,598","6,164,149","6,335,024"
217,San Juan Tamazola,0,"20,909,435","19,559,966","22,082,624","27,347,946","21,808,525","23,185,395"
218,San Juan Teita,"3,878,035","11,552,657","3,849,627","5,874,521","5,648,711","5,729,735","5,421,354"
219,San Juan Teitipac,"9,597,349","29,581,752","11,012,789","11,431,130","12,805,314","15,445,254","12,556,291"
220,San Juan Tepeuxila,"12,076,976","19,705,442","11,353,906","12,498,660","21,757,581","14,139,047","23,746,309"
221,San Juan Teposcolula,"4,487,562","4,643,453","5,709,932","5,783,642","7,296,122","6,759,546","7,031,011"
222,San Juan Yaeé,"4,833,335","5,786,434","6,068,853","5,998,957","7,209,316","6,781,873","6,589,538"
223,San Juan Yatzona,"2,543,596","2,606,050","2,683,645","4,117,681","10,976,841","4,629,730","12,528,501"
224,San Juan Yucuita,0,"12,148,714","2,867,143","4,110,672",0,"2,990,298","4,345,870"
225,San Lorenzo,"23,245,119","36,111,993","26,696,421","26,248,372","29,635,768","29,487,606","28,527,789"
226,San Lorenzo Albarradas,"9,476,097","16,039,038","14,554,316","19,449,066","14,195,506","13,822,740","13,175,050"
227,San Lorenzo Cacaotepec,"29,370,090","32,105,534","36,775,490","48,957,231","49,304,740","48,918,496","48,716,694"
228,San Lorenzo Cuaunecuiltitla,"4,127,656","4,851,463","4,542,185","5,416,550","7,134,416","6,110,341","6,013,586"
229,San Lorenzo Texmelúcan,"32,536,121","34,395,716","34,697,966","45,674,110","47,617,140","42,803,840","47,670,675"
230,San Lorenzo Victoria,"3,475,360","5,427,206","3,593,773","4,512,699","4,961,314","5,339,405","4,790,985"
231,San Lucas Camotlán,"14,611,635","13,741,551","14,746,589","18,327,371","22,315,164","18,771,351","34,369,752"
232,San Lucas Ojitlán,"126,861,204","122,298,135","96,540,859","101,534,790","112,289,254","103,660,779","101,409,043"
233,San Lucas Quiaviní,"7,327,270",0,"8,021,485","10,796,319","10,212,228","13,640,904","10,428,330"
234,San Lucas Zoquiápam,0,0,"34,326,134",0,0,"39,621,148","38,732,936"
235,San Luis Amatlán,"13,898,988","17,434,227","15,469,561","18,798,310","18,533,141","18,902,955","18,586,861"
236,San Marcial Ozolotepec,"15,570,568","12,488,102","9,878,821","12,930,083","12,827,167","12,436,842","16,098,255"
237,San Marcos Arteaga,"5,581,821","5,217,162","12,402,656","8,183,307","11,560,959","7,468,400","7,915,197"
238,San Martín de los Cansecos,"6,028,888","5,899,778","3,969,515","11,961,494","7,347,820","5,869,338","5,844,615"
239,San Martín Huamelúlpam,"12,041,581","6,582,730","4,928,670","6,109,153","6,499,040","6,562,569","6,971,963"
240,San Martín Itunyoso,"9,938,597","11,848,958","11,025,891","13,005,975","15,854,914","14,794,460","18,295,591"
241,San Martín Lachilá,"4,501,129","12,230,703","6,599,668","9,140,327","6,445,849","6,484,574","6,041,513"
242,San Martín Peras,"40,483,844","50,625,893",0,"54,785,669","61,408,771","65,915,946","62,049,226"
243,San Martín Tilcajete,"6,289,441","6,779,630","12,146,728","12,803,823","9,919,485","9,781,964","9,694,544"
244,San Martín Toxpalan,"8,506,812",0,"9,622,966","16,639,408","14,169,975","13,358,038","13,377,410"
245,San Martín Zacatepec,"3,968,968",0,"9,730,324","7,280,422","6,305,880","6,170,467","6,039,320"
246,San Mateo Cajonos,0,"4,548,388","2,817,590","4,847,781","4,019,970","4,048,666","3,919,699"
247,Capulálpam de Méndez,0,"24,979,586","6,918,860","7,472,353","8,008,486","6,166,022","6,505,991"
248,San Mateo del Mar,"55,082,287","65,432,173",0,0,"80,868,566","79,334,854","77,623,760"
249,San Mateo Yoloxochitlán,"13,123,533",0,"12,182,879","13,953,395","17,548,640","16,117,623","17,979,122"
250,San Mateo Etlatongo,"17,339,645","12,479,092","5,830,954","7,267,637","8,159,278","8,039,058","8,026,052"
251,San Mateo Nejápam,"4,757,630","6,432,974","5,318,309","6,253,130","9,109,812","6,961,999","6,850,074"
252,San Mateo Peñasco,0,0,"8,971,643","10,593,018","14,897,956","13,671,244","11,936,146"
253,San Mateo Piñas,"13,541,581","14,277,597","13,302,668","17,564,387","15,444,552","15,488,405","18,933,330"
254,San Mateo Río Hondo,"26,718,712","23,729,706","23,144,497","18,315,626","19,695,102","21,105,313","23,186,204"
255,San Mateo Sindihui,"10,592,387","10,892,666","8,383,102","9,678,827","15,590,284","27,868,493","20,644,142"
256,San Mateo Tlapiltepec,"1,822,010","5,897,734","1,911,185","5,342,004","2,793,439","2,600,302","9,759,040"
257,San Melchor Betaza,"9,136,016","5,326,180","6,338,665","7,438,815","7,302,167","7,090,353","6,941,541"
258,San Miguel Achiutla,"11,447,350","6,722,129","4,521,802","5,332,318","6,336,186","5,691,569","5,363,628"
259,San Miguel Ahuehuetitlán,"10,316,658","10,272,246","13,391,345","12,730,633","14,451,909","14,473,925","17,072,994"
260,San Miguel Aloápam,"16,721,710","19,048,976","14,796,487","10,392,011","15,020,450","11,451,374","11,029,638"
261,San Miguel Amatitlán,"28,697,848","29,996,929","34,428,670","32,693,638","29,887,255","36,900,804","35,945,602"
262,San Miguel Amatlán,"4,776,058","5,025,860","3,542,470","4,883,713","5,422,660","5,318,576","5,147,778"
263,San Miguel Coatlán,"29,535,702","29,881,217","23,380,923","21,707,402","23,818,046","23,812,895","23,814,329"
264,San Miguel Chicahua,"15,154,817","13,238,044","10,119,454","11,618,523","12,887,496","15,590,550","12,620,468"
265,San Miguel Chimalapa,"31,181,764",0,"31,530,040","26,790,207","28,190,201","30,263,681","37,872,663"
266,San Miguel del Puerto,"59,898,633",0,"40,363,005","43,856,752","94,036,793","40,841,008","40,769,147"
267,San Miguel del Río,0,"1,632,006","6,700,911","4,805,254","2,747,557","2,693,386","2,663,519"
268,San Miguel Ejutla,"3,314,034","6,187,520","3,775,887","4,537,937","7,111,595","5,377,612","5,306,747"
269,San Miguel el Grande,"32,050,339","48,524,104","50,944,701","51,178,347","50,625,199","25,138,322","20,515,200"
270,San Miguel Huautla,"14,461,841","15,375,429","14,164,691","12,363,456","18,827,023","10,990,922",0
271,San Miguel Mixtepec,"12,479,029","17,673,635","19,593,280","18,174,262","17,934,552","16,996,346","17,116,989"
272,San Miguel Panixtlahuaca,"24,126,424","26,086,627","20,732,601","25,348,516","29,258,911","28,424,460","27,305,143"
273,San Miguel Peras,"15,328,293","33,280,643","25,511,462","20,553,725","57,142,338","61,470,550","55,313,364"
274,San Miguel Piedras,0,0,0,0,0,0,"30,208,506"
275,San Miguel Quetzaltepec,"36,890,250","32,687,948","34,579,429","30,233,200","39,104,827","34,920,253","33,687,620"
276,San Miguel Santa Flor,"6,692,478","6,130,695","5,061,313","7,111,162","6,454,614","6,265,715","13,089,068"
277,Villa Sola de Vega,"76,001,716","72,406,381","78,687,653","82,918,578","59,363,965","57,666,062","56,068,742"
278,San Miguel Soyaltepec,"107,284,201","119,098,279","134,129,399","136,595,074","135,491,015","146,707,859","210,172,689"
279,San Miguel Suchixtepec,"16,740,449",0,"14,974,989","17,543,949","16,683,682","14,535,232","18,121,201"
280,Villa Talea de Castro,"7,225,320","13,446,019","16,290,466","12,350,344","10,539,587","9,655,863","11,634,441"
281,San Miguel Tecomatlán,0,"3,289,214","1,936,778","2,560,320","4,342,678","3,034,954","3,219,054"
282,San Miguel Tenango,"5,209,644","6,518,056","4,948,251","5,347,523","5,797,849","5,758,805","5,603,024"
283,San Miguel Tequixtepec,"9,562,024","5,332,724","6,323,065","6,467,799","6,638,897","39,260,134","14,862,014"
284,San Miguel Tilquiápam,"15,629,274","30,759,701","15,955,840","18,782,976","25,599,159","23,069,245","19,333,654"
285,San Miguel Tlacamama,0,0,"11,156,516","12,588,510","14,771,740","14,144,951","13,736,689"
286,San Miguel Tlacotepec,"11,684,403",0,"10,959,663","12,938,153","13,261,010","15,278,593","14,433,237"
287,San Miguel Tulancingo,"5,553,870","21,000,061","2,356,028","3,448,285","3,529,159","3,547,475","20,556,903"
288,San Miguel Yotao,"4,663,989","4,853,094","3,227,715","4,032,728","4,446,569","4,495,570","4,454,155"
289,San Nicolás,"3,980,814","1,937,582","4,387,432","5,134,834","6,345,070","5,849,350","5,734,452"
290,San Nicolás Hidalgo,"3,696,153","3,479,115","7,304,907","4,234,381","4,919,155","4,828,499","4,774,915"
291,San Pablo Coatlán,"28,280,630",0,"15,172,457","18,763,130",0,"27,506,440","28,916,945"
292,San Pablo Cuatro Venados,"8,594,344","12,527,544","9,714,552","9,770,749","12,526,485","9,514,734","9,588,315"
293,San Pablo Etla,"37,861,697","47,070,644","42,313,917","52,222,532","59,269,341","49,530,653","57,897,796"
294,San Pablo Huitzo,"16,342,963","31,229,739","24,879,287","24,844,831","22,132,661","22,169,530","22,110,677"
295,San Pablo Huixtepec,"38,794,832","37,699,083","31,360,892","37,852,284","33,854,394","35,571,906","46,213,049"
296,San Pablo Macuiltianguis,"11,193,841","13,839,092","11,012,511","7,044,780","4,810,335","4,649,700","4,731,964"
297,San Pablo Tijaltepec,"18,478,242","22,881,213","18,532,942","13,158,882","15,930,138","22,398,318","16,268,641"
298,San Pablo Villa de Mitla,"46,890,206","54,194,437","50,116,833","53,465,036","52,538,714","53,404,935","48,844,631"
299,San Pablo Yaganiza,0,"4,418,927","6,630,234","5,162,531","5,702,952","8,409,443","5,595,543"
300,San Pedro Amuzgos,"33,844,404","37,151,962","28,749,618","33,692,323","29,954,471","28,331,876","29,207,825"
301,San Pedro Apóstol,"7,289,470","7,264,146","11,248,299","14,377,735","9,928,000","9,999,282","9,756,173"
302,San Pedro Atoyac,"18,116,193","19,352,746","16,332,110","18,643,664","21,691,459","21,855,462","24,840,170"
303,San Pedro Cajonos,"4,070,513","3,999,830","3,742,868","4,815,390","5,272,398","5,337,156","5,011,925"
304,San Pedro Coxcaltepec Cántaros,"7,596,619","7,256,542","4,459,653","8,096,182","5,622,124","17,249,964","35,747,334"
305,San Pedro Comitancillo,"32,229,019","34,977,231","10,932,537","9,856,421","11,857,401","18,577,287","18,961,250"
306,San Pedro el Alto,"16,314,450",0,"16,008,374","20,371,836","24,326,636","18,788,331","20,155,682"
307,San Pedro Huamelula,"41,824,928",0,"26,202,689","60,279,094","34,865,523","31,889,260","31,836,883"
308,San Pedro Huilotepec,"8,726,814","8,739,048","11,436,801","10,623,536","13,922,831","13,303,550","16,124,796"
309,San Pedro Ixcatlán,"36,301,141","39,762,901","47,854,201","46,519,310","47,692,578","41,500,938","39,657,665"
310,San Pedro Ixtlahuaca,"31,777,505","36,335,536","30,603,058","26,618,664","27,345,252","29,718,297","34,104,797"
311,San Pedro Jaltepetongo,"2,924,669","3,451,556","3,120,079","3,691,575","4,202,507","4,137,089","4,047,646"
312,San Pedro Jicayán,0,0,"43,735,357","41,694,397","41,086,550","56,587,902","43,136,803"
313,San Pedro Jocotipac,"7,560,872",0,"10,856,237","5,398,686","27,372,047","16,153,586","27,877,075"
314,San Pedro Juchatengo,"7,609,286","9,060,844","7,628,295","10,098,379","10,179,078","7,949,343","9,634,553"
315,San Pedro Mártir,"8,484,073","15,649,352","5,402,522","10,922,030","15,070,441","9,968,315","10,036,382"
316,San Pedro Mártir Quiechapa,"4,870,297","3,926,784","7,093,035","8,287,245","10,540,616","9,197,913","6,923,037"
317,San Pedro Mártir Yucuxaco,"6,121,192","6,758,198","6,616,789","10,250,154","9,093,491","8,776,036","8,451,975"
318,San Pedro Mixtepec,0,0,"217,059,950","346,545,135","236,644,967","251,042,237","249,602,435"
319,San Pedro Mixtepec,"3,756,859","4,047,014","5,716,743","6,309,138","6,215,379","6,297,965","5,905,188"
320,San Pedro Molinos,"4,675,806","8,560,302","5,976,179",0,"4,507,284","4,461,779","4,291,947"
321,San Pedro Nopala,"4,022,413","5,873,799","3,839,137","5,641,005","5,182,178","5,293,762","5,105,029"
322,San Pedro Ocopetatillo,"4,974,091",0,"4,775,606",0,"6,472,783","6,212,326","6,022,329"
323,San Pedro Ocotepec,"10,453,155","15,133,032","16,292,389","10,362,096","11,738,553","11,898,595","11,557,549"
324,San Pedro Pochutla,"113,153,827","161,377,674","174,060,119","186,220,613","171,573,667","177,148,932","164,564,137"
325,San Pedro Quiatoni,"53,530,539","55,244,568","59,307,158","58,106,517","82,773,864","65,994,267","92,385,630"
326,San Pedro Sochiápam,"19,335,983","29,990,937","23,746,802",0,"29,584,743","28,742,471",0
327,San Pedro Tapanatepec,"59,581,302","58,357,480","58,368,291","66,644,129","71,402,896","64,585,982","69,209,518"
328,San Pedro Taviche,"5,017,509","5,866,381","5,751,394","8,779,613","7,708,616","9,858,245","7,729,944"
329,San Pedro Teozacoalco,"11,010,897","11,645,060","8,438,959","11,596,555","7,777,718","7,628,433","7,244,162"
330,San Pedro Teutila,"16,187,642","22,493,632","15,977,038","22,439,116","24,389,488","20,230,255","19,940,047"
331,San Pedro Tidaá,"10,593,157","8,777,774","8,285,024","10,425,756","11,827,482","9,500,122","9,917,241"
332,San Pedro Topiltepec,"1,584,453","2,050,353","1,688,204","2,642,625","2,839,216","2,872,127","2,898,421"
333,San Pedro Totolápam,"7,218,144","11,185,825","10,511,812","32,299,804","34,047,115","12,720,548","13,422,919"
334,Villa de Tututepec,"135,512,595","129,655,769","142,453,124","147,333,233","151,653,229","146,928,500","154,393,205"
335,San Pedro Yaneri,"8,868,130","7,763,089","7,630,001","5,266,409","11,032,359","5,915,130","5,656,905"
336,San Pedro Yólox,"15,613,671","21,534,962","13,821,959","13,881,145","11,886,093","12,270,243","11,932,582"
337,San Pedro y San Pablo Ayutla,"38,452,614","45,443,984","35,094,519","34,745,932","37,076,457","34,671,783","34,703,537"
338,Villa de Etla,"36,750,074","45,127,603","31,883,691","44,718,491","33,499,114","31,542,818","34,152,897"
339,San Pedro y San Pablo Teposcolula,"11,732,845","20,532,378","14,166,715","14,810,016","23,782,141","17,039,997","19,430,197"
340,San Pedro y San Pablo Tequixtepec,"6,447,646","9,795,618","11,816,404","8,141,137","8,104,303","8,011,874","7,843,065"
341,San Pedro Yucunama,"3,056,272","1,950,113","2,329,763","3,171,518","12,487,731","30,653,068",0
342,San Raymundo Jalpan,"14,520,578","17,799,857","11,487,999","12,793,719","15,080,111","14,946,226","18,300,268"
343,San Sebastián Abasolo,"8,246,561","10,265,402","12,667,712","10,512,774","9,634,787","9,609,181","10,027,169"
344,San Sebastián Coatlán,"9,952,277","14,879,676","12,527,868","12,623,029","12,932,114","31,080,261","35,859,624"
345,San Sebastián Ixcapa,"19,593,363","37,524,132","17,069,199","16,897,641","15,919,522","14,795,385","15,153,999"
346,San Sebastián Nicananduta,"4,916,973","9,075,804","4,916,611","6,442,734","7,168,979","7,363,804","8,961,271"
347,San Sebastián Río Hondo,"14,004,722","15,001,874","16,952,499","16,980,933","18,953,687",0,"19,900,394"
348,San Sebastián Tecomaxtlahuaca,0,0,0,0,"38,346,620","38,206,478","37,473,934"
349,San Sebastián Teitipac,"7,364,376","9,579,512","6,801,528","8,083,570","9,257,437","9,264,690","9,071,979"
350,San Sebastián Tutla,"46,090,434","41,055,746","40,568,460","45,490,397","47,436,032","49,557,224","47,740,145"
351,San Simón Almolongas,"9,758,690","11,302,516","10,601,997","11,911,700","13,265,063","16,137,149","17,154,423"
352,San Simón Zahuatlán,"12,423,207","13,358,318","14,796,278","17,452,959","20,529,987","20,705,705","21,414,084"
353,Santa Ana,"12,647,851","10,341,254","11,199,488","9,762,467","12,183,330","10,727,311","10,847,790"
354,Santa Ana Ateixtlahuaca,"6,456,953","5,984,470","4,344,948","4,869,447","5,329,574","5,288,112","8,255,745"
355,Santa Ana Cuauhtémoc,"4,037,658","5,633,945","4,731,549","5,542,451","10,816,786","5,873,546","5,560,608"
356,Santa Ana del Valle,"11,017,776","17,603,345","6,935,617","8,581,234","9,559,595","11,220,468","10,403,558"
357,Santa Ana Tavela,"4,578,563","4,780,474","4,986,739","6,345,929","6,702,422","6,926,723","7,143,002"
358,Santa Ana Tlapacoyan,"9,559,123","19,363,429","16,096,364","23,088,031","11,203,109","11,500,486","13,160,048"
359,Santa Ana Yareni,"4,876,101","6,305,158","4,556,754","7,210,290","5,982,388","7,443,896","6,049,740"
360,Santa Ana Zegache,"42,550,898","39,800,422","15,598,705",0,"21,560,964","21,487,392","27,269,053"
361,Santa Catalina Quierí,0,0,"4,865,891","5,678,137","13,111,262","6,475,525","23,652,879"
362,Santa Catarina Cuixtla,"6,305,670","8,826,801","6,788,808","7,383,693","7,131,086","16,338,456","7,883,017"
363,Santa Catarina Ixtepeji,"10,773,617","11,830,418","7,925,501","9,213,087","11,451,439","9,757,522","9,993,815"
364,Santa Catarina Juquila,"83,613,720","81,510,098","69,818,830","76,641,469","70,139,148","58,461,297","55,338,238"
365,Santa Catarina Lachatao,"4,707,453",0,"4,625,398","7,506,192","6,093,369","7,103,817","27,330,177"
366,Santa Catarina Loxicha,"19,300,664","22,504,214","24,089,783","23,351,893","29,069,346","26,984,995","25,518,864"
367,Santa Catarina Mechoacán,"14,224,048","15,378,803","21,144,125","23,469,610","21,433,016","21,389,602","20,845,207"
368,Santa Catarina Minas,"9,695,555","9,953,161","13,826,024","11,798,992","12,540,166","12,136,780","12,483,705"
369,Santa Catarina Quiané,"7,963,358","10,250,577","8,867,314","8,979,869","9,455,404","7,812,263","7,818,353"
370,Santa Catarina Tayata,"6,294,758","5,334,145","4,006,011","5,752,813","6,792,056","6,740,361","7,439,855"
371,Santa Catarina Ticuá,"17,605,680","19,915,944","9,242,808","8,602,025","10,164,225","7,414,941","7,194,768"
372,Santa Catarina Yosonotú,"15,401,983","17,864,586","8,965,697","10,126,668","13,233,139","11,314,487","10,745,096"
373,Santa Catarina Zapoquila,"3,037,678","2,649,650","2,655,149","4,632,417","3,735,743","20,907,568",0
374,Santa Cruz Acatepec,"6,600,355","7,670,832","15,286,837","8,470,508",0,"6,825,448","9,441,012"
375,Santa Cruz Amilpas,"29,972,978","35,768,019","36,555,240","41,551,164","34,922,564","33,090,438","34,191,505"
376,Santa Cruz de Bravo,"2,426,877","2,112,106",0,"2,839,770","3,131,466","3,134,401","3,091,730"
377,Santa Cruz Itundujia,"78,115,025","60,261,157","62,356,187","56,642,298","66,082,876","81,508,865","75,574,325"
378,Santa Cruz Mixtepec,"11,321,196","13,325,645","21,179,017","20,445,950","16,306,357","15,900,955","15,976,001"
379,Santa Cruz Nundaco,"9,848,512","11,369,987","15,510,397","13,028,336","13,778,517","14,381,707","18,654,264"
380,Santa Cruz Papalutla,"6,518,781","7,046,864","9,315,804","10,525,630","10,425,425","9,842,586","9,956,410"
381,Santa Cruz Tacache de Mina,"6,671,650",0,0,0,"8,993,274","9,637,489","13,038,144"
382,Santa Cruz Tacahua,"8,316,414","10,079,865","7,452,465","7,821,268","14,774,581","8,584,475","8,348,102"
383,Santa Cruz Tayata,"5,597,025","7,740,565","3,664,685","4,333,181","4,290,071","4,276,234","4,176,006"
384,Santa Cruz Xitla,"14,322,597","22,414,951","16,878,143","22,105,123","22,982,520","22,521,787",0
385,Santa Cruz Xoxocotlán,"259,333,852",0,"319,013,117","281,037,598","324,631,310","323,906,712","314,196,878"
386,Santa Cruz Zenzontepec,"78,918,009","88,272,669","95,379,123","97,491,161","107,033,462","105,457,653","101,131,030"
387,Santa Gertrudis,"15,362,509","11,949,778","23,074,312","21,718,623","14,732,868","15,788,086","10,944,206"
388,Santa Inés del Monte,"16,215,015","24,009,525","13,839,987","16,262,449","22,904,735","15,752,853","16,131,450"
389,Santa Inés Yatzeche,0,"9,416,587","8,429,076","11,775,728","27,042,036","7,908,663","9,659,935"
390,Santa Lucía del Camino,"91,043,158",0,"109,794,473",0,"148,989,012","147,725,685","173,096,620"
391,Santa Lucía Miahuatlán,"18,008,461","22,672,620","18,561,067","19,472,976","21,536,440","21,469,860","21,105,952"
392,Santa Lucía Monteverde,"38,177,787","40,564,168","32,719,705","65,390,664","65,796,666","39,816,794","39,343,258"
393,Santa Lucía Ocotlán,"14,528,807","22,117,706","14,101,501","15,243,882","17,517,808","17,591,227","17,619,825"
394,Santa María Alotepec,"7,719,938",0,"8,538,507","11,164,357","11,512,926","11,570,456","16,883,735"
395,Santa María Apazco,"17,730,810","15,076,960","10,707,660","12,288,533","12,714,323","12,448,866","12,121,792"
396,Santa María la Asunción,"18,130,539",0,"15,437,092","17,419,273","23,643,484","19,549,466","19,263,498"
397,Heroica Ciudad de Tlaxiaco,"169,085,548",0,"142,264,919","143,262,967","142,128,088","150,186,223","156,320,842"
398,Ayoquezco de Aldama,"39,116,449","34,704,706","23,288,581",0,"46,911,588","23,099,234","22,354,055"
399,Santa María Atzompa,"111,394,042","69,399,166","75,233,005","105,686,989","102,882,533","97,631,888","108,339,728"
400,Santa María Camotlán,"6,847,369","7,456,450","6,220,047","7,257,363","8,037,290","8,123,920","8,234,384"
401,Santa María Colotepec,"63,653,427","94,435,287","87,343,048","107,542,928","106,630,980","104,739,721","114,343,946"
402,Santa María Cortijo,"8,359,945","8,060,417","4,001,016","4,760,284","5,400,016","5,373,032","5,765,871"
403,Santa María Coyotepec,"7,300,735","9,589,056","11,718,346",0,"21,553,196","12,088,117","13,358,266"
404,Santa María Chachoápam,"3,847,789","3,837,035","6,302,159","5,002,781","13,269,982","5,717,509","5,531,182"
405,Villa de Chilapa de Díaz,"11,367,678","20,018,862",0,"9,674,846","9,672,549","10,848,713","19,451,145"
406,Santa María Chilchotla,"102,055,492",0,"93,873,909","102,612,059","120,475,616","115,864,485","120,477,833"
407,Santa María Chimalapa,0,0,"34,879,194","34,115,113","39,298,942","39,020,342","44,772,714"
408,Santa María del Rosario,"3,651,737","3,688,331","3,045,124","7,945,408","6,018,782","9,155,161","9,091,665"
409,Santa María del Tule,"19,279,134","40,077,555","24,413,882","37,916,210","46,763,678","35,363,137","37,310,928"
410,Santa María Ecatepec,"15,415,266","16,875,090","9,336,174","10,429,364","11,938,551","12,064,643","11,832,801"
411,Santa María Guelacé,"3,667,351","3,414,253","3,136,038","4,716,852","4,116,319","4,072,832","6,427,600"
412,Santa María Guienagati,"22,360,916","22,362,807","17,633,938","21,038,964","21,605,232","21,579,059","20,643,650"
413,Santa María Huatulco,"251,558,857","307,469,188","329,303,221","363,972,719","347,851,356","393,826,278","464,636,745"
414,Santa María Huazolotitlán,"50,107,685","37,328,007","34,025,144","49,967,793","39,219,436","40,709,988","38,713,905"
415,Santa María Ipalapa,"12,129,197","24,976,993","16,328,942","21,890,092","18,434,888","27,066,729","20,739,767"
416,Santa María Ixcatlán,"3,350,379","4,975,219","3,486,659","5,037,833","4,655,008","5,048,657","26,286,044"
417,Santa María Jacatepec,"32,518,580","38,315,069","62,007,598","81,660,474","41,922,962","42,019,563","42,926,754"
418,Santa María Jalapa del Marqués,"32,662,766","42,964,228","40,081,558","40,277,808","36,568,082","38,054,653","37,125,005"
419,Santa María Jaltianguis,"3,442,657","4,047,268","2,548,032","3,028,901","3,496,864","3,451,621","3,770,944"
420,Santa María Lachixío,"7,347,905","20,780,744","13,148,019","18,538,653","15,498,375","11,504,264","10,383,161"
421,Santa María Mixtequilla,"13,058,485",0,"16,496,600","24,481,969","18,278,036","21,104,956","26,064,794"
422,Santa María Nativitas,"4,897,790","5,350,678","5,002,420","4,663,929","5,251,185","4,865,946","5,344,596"
423,Santa María Nduayaco,"3,387,371","4,144,334","2,923,225","3,706,843","4,257,823","4,207,526","4,060,231"
424,Santa María Ozolotepec,0,0,"17,407,004","19,167,117","39,486,267","21,471,490","25,012,957"
425,Santa María Pápalo,"15,916,157","12,749,608","12,266,851","17,787,465","15,284,642","14,474,386","33,131,171"
426,Santa María Peñoles,"33,869,739","43,942,358","35,129,921",0,"87,009,246","46,224,556","67,483,282"
427,Santa María Petapa,"33,767,747","35,060,792","37,814,629","41,195,780","44,256,949","48,497,636","48,701,794"
428,Santa María Quiegolani,"6,419,308","10,293,619",0,"12,950,391","9,808,909","11,303,854","12,438,487"
429,Santa María Sola,"7,264,053","17,618,551",0,0,0,"8,652,004","8,411,209"
430,Santa María Tataltepec,"2,860,382","6,537,059","2,458,589","3,593,975","3,433,102","4,866,964","3,319,637"
431,Santa María Tecomavaca,"4,501,764","6,092,349","4,645,050","5,338,806","6,195,516","8,878,915","8,992,259"
432,Santa María Temaxcalapa,"8,726,597","6,022,438","4,475,477","6,716,058","35,442,245","5,265,953","23,571,089"
433,Santa María Temaxcaltepec,"9,526,684",0,"15,875,131","18,024,813","16,016,281","32,287,290","13,548,804"
434,Santa María Teopoxco,"16,255,466",0,"16,632,725","22,075,276","19,705,363","19,726,443","20,968,671"
435,Santa María Tepantlali,"16,423,359","18,785,606","17,928,207","19,435,969","25,975,810","21,250,762","20,834,349"
436,Santa María Texcatitlán,0,0,"6,762,989","5,799,484","6,559,962","6,604,580","6,633,857"
437,Santa María Tlahuitoltepec,"54,962,838","61,328,881","57,561,623","65,649,972","57,762,502","58,059,641","55,297,318"
438,Santa María Tlalixtac,0,0,"9,514,022","8,411,100","10,082,688",0,0
439,Santa María Tonameca,"103,155,631","114,351,350","121,108,119","136,806,131","136,668,933","137,884,345","118,884,819"
440,Santa María Totolapilla,"7,569,198","6,850,879","4,775,183","6,085,619","32,760,194","6,680,640","7,109,631"
441,Santa María Xadani,"22,204,666",0,"22,968,580","50,256,841","34,282,509","31,809,237","31,917,639"
442,Santa María Yalina,"8,776,716","3,661,140",0,"2,545,745","2,866,654","2,893,431","3,068,111"
443,Santa María Yavesía,"5,428,038","10,774,600","4,165,568","4,012,790","9,364,624","2,743,354","2,842,046"
444,Santa María Yolotepec,"14,348,820","12,765,513","5,456,500","4,639,224","5,296,921","5,318,230","5,765,403"
445,Santa María Yosoyúa,"9,781,727","12,954,121","6,722,669","8,403,673","9,149,626","9,200,709","9,109,110"
446,Santa María Yucuhiti,"33,334,441","29,643,157","26,369,999","31,830,207","45,173,389","41,836,483","31,367,749"
447,Santa María Zacatepec,"60,693,907","49,161,550","53,523,951","65,628,165","51,902,841","51,346,611","52,018,275"
448,Santa María Zaniza,0,"6,970,479","8,051,942","10,076,267","28,254,151","30,205,763","11,141,819"
449,Santa María Zoquitlán,0,"27,663,561","26,814,804","13,229,244","18,137,443","13,359,322","12,983,208"
450,Santiago Amoltepec,"74,150,583",0,"63,659,341","75,626,941","83,368,330","82,485,604","81,145,633"
451,Santiago Apoala,"6,697,969","9,841,813","8,102,629","5,777,457","8,044,868","7,174,240","28,590,529"
452,Santiago Apóstol,"21,813,834","16,144,498","20,841,712","20,028,088","24,669,450","22,874,189","21,251,245"
453,Santiago Astata,"19,669,875","23,614,906","14,418,291","15,006,562","13,411,047","13,276,061","13,262,572"
454,Santiago Atitlán,"13,561,488","16,039,562","15,171,950","17,109,720","17,741,862",0,"17,942,857"
455,Santiago Ayuquililla,"11,869,389","11,967,488","15,543,962","14,814,400","12,750,247","12,958,130","17,307,069"
456,Santiago Cacaloxtepec,"5,576,721","8,196,750","7,791,326","7,858,255","7,695,822","7,922,014","11,720,832"
457,Santiago Camotlán,"27,201,128","19,772,031","33,505,272","30,140,155","24,740,180","24,568,873","35,078,632"
458,Santiago Comaltepec,0,0,"7,428,085","5,637,314","5,948,622","5,789,173","6,498,064"
459,Santiago Chazumba,"26,025,556","23,036,063","26,243,354","30,717,764","16,845,133","17,283,486","21,274,993"
460,Santiago Choápam,0,"29,088,629","20,281,234","25,658,997",0,0,0
461,Santiago del Río,"4,266,025","7,014,204","5,584,555","6,636,021","5,847,811","9,274,616","5,336,438"
462,Santiago Huajolotitlán,"16,619,419","17,723,038","14,383,126",0,"15,587,403","16,359,116","16,193,732"
463,Santiago Huauclilla,"4,307,578","3,406,472","3,159,826","4,641,259","4,894,565","4,502,020","6,596,695"
464,Santiago Ihuitlán Plumas,"3,862,236","2,786,235","4,571,755","3,510,228","3,866,605","4,091,369","3,911,071"
465,Santiago Ixcuintepec,"5,456,500","6,096,891","6,243,721","7,320,855","8,320,898","17,591,676","8,118,296"
466,Santiago Ixtayutla,0,0,"55,067,302","62,728,619","74,582,098","73,333,938","73,827,005"
467,Santiago Jamiltepec,"64,303,146","69,120,806","76,298,891","84,948,616","79,048,146","80,760,388","80,191,014"
468,Santiago Jocotepec,0,0,"51,953,596","54,643,316","85,839,334","94,295,741",0
469,Santiago Juxtlahuaca,"116,514,106","122,484,804","129,736,225","119,303,290","139,015,739","139,025,264","132,169,034"
470,Santiago Lachiguiri,"22,158,223","31,416,218","26,727,332","21,499,995",0,"27,793,059","27,436,774"
471,Santiago Lalopa,0,"4,347,146","2,633,923","5,016,093","3,690,833","3,715,549","3,836,951"
472,Santiago Laollaga,"19,934,648","16,794,437","13,632,172","14,836,331","16,039,640","24,897,734","15,383,025"
473,Santiago Laxopa,"5,189,117","6,207,828","7,836,614","8,403,834","7,039,081","7,715,357","7,186,301"
474,Santiago Llano Grande,"29,112,958","32,834,422","13,339,269","18,037,111","12,478,321","18,728,577","18,493,772"
475,Santiago Matatlán,"33,277,480","42,905,434","37,827,209","50,478,833","41,890,843","44,441,775","54,140,915"
476,Santiago Miltepec,"3,710,932","4,241,346","5,550,030","3,106,050","3,661,942","3,613,483","3,592,049"
477,Santiago Minas,"12,606,234","8,790,058","13,261,064","17,231,982","12,894,552","9,727,850","8,828,297"
478,Santiago Nacaltepec,"5,750,293","7,501,950","6,313,741","7,162,206","8,121,651","8,137,053","7,708,173"
479,Santiago Nejapilla,"1,701,562","7,806,866","1,912,033","2,857,476","3,931,204","3,429,440","3,362,062"
480,Santiago Nundiche,"5,952,046","7,922,681","8,366,422","11,745,309","8,783,826","7,849,673","7,904,371"
481,Santiago Nuyoó,"11,176,980","11,331,423","8,620,738","12,137,549","20,066,853","12,979,560","12,692,246"
482,Santiago Pinotepa Nacional,"174,086,892","178,913,947","198,182,740","182,960,580","205,716,279","204,973,302","193,147,958"
483,Santiago Suchilquitongo,"31,281,157","39,428,036","33,626,835","40,024,316",0,0,"31,498,497"
484,Santiago Tamazola,"12,331,563","12,656,089","16,807,008","16,197,878","17,833,642","19,076,655","17,886,254"
485,Santiago Tapextla,0,"13,221,008","12,981,937","18,489,523","15,213,835","14,653,956","15,004,198"
486,Villa Tejúpam de la Unión,"11,625,129","10,354,414","13,907,159","15,945,746","12,071,358","12,043,529","11,559,511"
487,Santiago Tenango,"10,057,589","16,979,224","11,701,111","10,551,127","11,204,226","11,148,994","16,971,152"
488,Santiago Tepetlapa,"4,618,190","1,775,223","1,625,889","2,024,217",0,"1,884,041","1,933,619"
489,Santiago Tetepec,"35,973,563","26,831,456","21,133,019","19,603,852","29,900,851","21,499,982","21,604,756"
490,Santiago Texcalcingo,"17,803,557","24,501,549","10,665,913","21,583,267","22,602,774","13,572,860","13,564,305"
491,Santiago Textitlán,"18,150,373","31,871,630","24,468,922","44,296,113","19,369,675","43,403,950","39,901,645"
492,Santiago Tilantongo,"14,960,182","29,624,178","18,579,638","19,326,584","40,297,319","26,061,966","26,588,976"
493,Santiago Tillo,"4,011,445","5,414,558","3,252,383","4,222,564","4,546,156","4,458,566","4,234,880"
494,Santiago Tlazoyaltepec,"22,944,947","38,495,359","24,083,164","26,120,143","32,269,364","49,975,569",0
495,Santiago Xanica,"14,941,292",0,0,"11,179,495",0,"15,775,038","15,496,140"
496,Santiago Xiacuí,"5,069,319","8,337,653","7,662,438","8,352,387","7,023,664","7,330,535","6,830,711"
497,Santiago Yaitepec,"17,549,194","15,860,361","19,436,710","20,523,220","23,920,168","23,248,706","25,129,177"
498,Santiago Yaveo,0,"27,062,527","29,774,509","24,788,646",0,0,0
499,Santiago Yolomécatl,"9,546,115","12,383,333","7,501,831","9,315,023","9,702,438","10,253,400","10,012,608"
500,Santiago Yosondúa,0,0,"48,326,115","40,707,803","42,066,558","35,962,659","34,983,210"
501,Santiago Yucuyachi,"4,550,833","4,238,169","5,732,678","4,794,988","7,129,685",0,"5,359,715"
502,Santiago Zacatepec,"27,569,376","33,160,756","26,170,468","30,796,259","38,272,799","41,359,576","33,760,678"
503,Santiago Zoochila,"9,150,153","4,082,670","3,993,642","7,413,148","7,126,669","7,482,241","6,894,652"
504,Nuevo Zoquiápam,"7,201,976","9,043,606","14,081,384","7,306,181","7,902,675","33,665,510","7,367,240"
505,Santo Domingo Ingenio,"28,125,883","24,139,576","48,831,142","51,237,255","38,009,489","34,977,227","42,843,306"
506,Santo Domingo Albarradas,"3,555,835","4,040,862","4,199,469","4,484,732","6,091,064","4,294,270","21,295,806"
507,Santo Domingo Armenta,"17,837,367","12,354,336","12,980,881","12,375,658","14,711,895","20,642,301","14,043,943"
508,Santo Domingo Chihuitán,"8,384,363","6,165,894","4,359,681","4,668,312","5,577,528","5,597,511","5,823,297"
509,Santo Domingo de Morelos,"48,518,269","56,898,846","47,134,859","54,686,333","60,599,204","56,105,468","54,259,940"
510,Santo Domingo Ixcatlán,"6,974,735","21,108,557","7,237,839","9,977,522","41,457,294","28,289,623","6,756,707"
511,Santo Domingo Nuxaá,"18,887,738","19,557,764","21,074,778","20,341,258","28,948,796","31,240,554","21,780,887"
512,Santo Domingo Ozolotepec,"6,358,471","8,452,745","4,595,133","5,423,139","5,314,142","25,017,894","6,112,549"
513,Santo Domingo Petapa,"31,812,989",0,"18,822,725","35,131,867","34,643,086","33,477,983","29,233,332"
514,Santo Domingo Roayaga,"6,830,949","10,303,619","7,269,008","12,284,825","24,801,514","9,135,702","29,544,066"
515,Santo Domingo Tehuantepec,"259,440,993","225,590,982","296,214,317","367,002,048","232,747,697","249,480,359","235,828,125"
516,Santo Domingo Teojomulco,"31,207,720","23,683,165","24,289,140","25,317,284","35,029,004","21,220,104","22,955,166"
517,Santo Domingo Tepuxtepec,"35,343,035","32,617,405","29,802,112","26,493,467","33,677,860","28,696,601","29,025,060"
518,Santo Domingo Tlatayápam,"1,719,294","2,199,373","1,789,940","3,105,246","3,904,131","3,657,733","3,540,005"
519,Santo Domingo Tomaltepec,"13,706,392","11,372,401","8,237,291",0,"11,135,631","10,798,204","11,033,054"
520,Santo Domingo Tonalá,"29,152,104","21,710,857","24,022,554","26,042,455","36,320,831","29,520,536","32,798,807"
521,Santo Domingo Tonaltepec,"3,107,773","4,283,657","2,474,944","2,913,784","4,689,074","3,291,726","3,209,130"
522,Santo Domingo Xagacía,"7,460,462","9,638,899","9,522,485","5,692,756","8,024,840","6,610,057","6,507,012"
523,Santo Domingo Yanhuitlán,"17,700,709","21,841,982","9,197,925","13,875,649","9,777,340","9,524,926","9,783,848"
524,Santo Domingo Yodohino,"1,980,925","2,041,546","3,053,154","3,549,435","2,818,823","2,873,568","2,797,056"
525,Santo Domingo Zanatepec,"34,298,255","33,807,753","45,095,632","46,071,321","42,634,559","40,982,931","39,586,841"
526,Santos Reyes Nopala,"90,691,583","65,173,229","85,721,130","135,849,799","99,393,315","90,710,592","83,953,244"
527,Santos Reyes Pápalo,"10,135,404","15,330,178","14,343,230","19,285,954","52,199,447","40,737,172","15,854,432"
528,Santos Reyes Tepejillo,"6,829,677","13,820,428","6,847,734","6,036,591","12,025,794","7,978,427","6,335,508"
529,Santos Reyes Yucuná,"7,778,060","8,378,194","8,785,011","10,720,878","52,692,377","9,468,336","9,277,684"
530,Santo Tomás Jalieza,"14,786,805","16,291,058","20,146,955","23,698,174","18,074,596","26,173,517","18,168,316"
531,Santo Tomás Mazaltepec,"5,626,444","11,360,756","6,515,508","9,285,593","9,662,196","9,161,426","8,292,511"
532,Santo Tomás Ocotepec,"17,000,825","22,496,003","18,493,936","25,563,644","25,515,342","22,455,244","21,322,396"
533,Santo Tomás Tamazulapan,"9,527,900","15,440,892","10,063,464","14,660,092","10,606,404","10,154,656","10,507,533"
534,San Vicente Coatlán,"14,381,903","21,579,163","20,221,503","18,345,517","29,261,674","20,789,280","20,391,932"
535,San Vicente Lachixío,"25,638,625","22,819,488","17,273,863","19,393,327","17,539,955","18,424,843","17,990,788"
536,San Vicente Nuñú,"3,007,111","3,908,834","2,637,628","3,906,362","16,890,919","10,851,867","4,211,684"
537,Silacayoápam,0,"35,632,675","40,753,242","39,119,761","38,923,194","43,554,834","39,031,834"
538,Sitio de Xitlapehua,"3,237,378","6,306,823","7,035,527","6,671,827","5,026,573","5,090,568","4,939,151"
539,Soledad Etla,0,0,"19,103,930","15,421,327",0,0,0
540,Villa de Tamazulápam del Progreso,"24,613,101",0,"27,039,470","37,767,822","27,422,000","28,156,877","30,623,641"
541,Tanetze de Zaragoza,0,"3,791,945","9,546,610","7,777,627","8,687,007","8,745,392","8,414,231"
542,Taniche,"4,087,169","3,784,711","3,569,261","9,715,818","6,352,240","5,040,407","5,837,684"
543,Tataltepec de Valdés,"23,302,876","21,911,873","23,200,216","30,786,558","31,298,085","30,835,062","30,853,188"
544,Teococuilco de Marcos Pérez,"7,687,963","4,892,246","7,692,483","5,960,172","6,989,210","30,130,909","38,612,014"
545,Teotitlán de Flores Magón,"24,655,319","31,218,724","37,889,983","44,349,377","36,943,842","38,165,714","39,713,194"
546,Teotitlán del Valle,"35,980,281","26,553,351","20,599,701","27,544,132","31,530,986","24,591,109",0
547,Teotongo,"4,624,318","6,000,018","4,890,964","11,391,402","14,186,406","5,857,222","6,036,432"
548,Tepelmeme Villa de Morelos,"8,108,413",0,"5,955,349","9,718,052","14,491,555","10,797,316","11,934,531"
549,"Heroica Villa Tezoatlán de Segura y Luna, Cuna de la Independencia de Oaxaca","37,331,349","46,218,934","42,339,221",0,0,0,0
550,San Jerónimo Tlacochahuaya,"23,847,050","19,490,478","27,950,734","25,468,974","23,939,277","21,759,357","22,968,911"
551,Tlacolula de Matamoros,"90,937,285","97,684,817","95,659,240","118,207,959","95,224,048","97,287,449","114,970,031"
552,Tlacotepec Plumas,"2,651,950","2,713,177","2,817,105","3,974,089","4,856,698","3,806,959","3,659,734"
553,Tlalixtac de Cabrera,"44,888,058","42,212,969","42,704,059","41,269,942","49,153,435","48,086,456",0
554,Totontepec Villa de Morelos,"27,947,641","27,270,163","27,809,539","23,655,987","28,124,201","26,190,001","26,056,183"
555,Trinidad Zaachila,"27,000,322","43,012,494",0,0,"11,229,854","11,104,192","12,016,687"
556,La Trinidad Vista Hermosa,"2,133,562","4,264,046","6,227,306","6,410,849","3,218,560","3,150,065","3,114,800"
557,Unión Hidalgo,"43,323,129","81,524,550","41,560,661","45,512,331","53,318,216",0,"57,878,988"
558,Valerio Trujano,"4,016,759","4,616,369","4,286,867","5,042,699","5,692,797","5,690,879","7,631,120"
559,San Juan Bautista Valle Nacional,"73,162,760",0,"75,664,882",0,"88,059,293",0,0
560,Villa Díaz Ordaz,"26,437,836","25,288,833","24,744,830","30,128,064","33,301,332","32,350,447","33,060,567"
561,Yaxe,0,"31,000,483","15,705,038","17,571,946","20,611,414","19,712,875","18,764,081"
562,Magdalena Yodocono de Porfirio Díaz,"7,658,965","5,193,280","6,872,978","6,432,648","7,518,238","7,597,819","7,789,283"
563,Yogana,"6,159,097","7,091,970","9,845,438","7,141,562","7,553,070","7,851,482","7,467,822"
564,Yutanduchi de Guerrero,"6,619,801","7,640,547",0,0,0,0,"8,511,704"
565,Villa de Zaachila,"125,890,222","128,570,626","153,666,987","170,104,824","150,463,530","171,426,802","167,902,096"
566,San Mateo Yucutindoo,"20,988,451","19,230,823","17,455,218","16,259,577","19,425,803","32,710,044","38,073,235"
567,Zapotitlán Lagunas,"11,561,220",0,"14,212,039",0,"16,349,691","15,819,306",0
568,Zapotitlán Palmas,"9,597,186","8,351,430","6,560,137","10,456,241","8,595,637","8,554,809","8,695,287"
569,Santa Inés de Zaragoza,"8,153,643","7,976,046","8,813,659","8,627,012","9,758,041","9,636,045","10,361,892"
570,Zimatlán de Álvarez,"49,531,823","55,240,642","81,579,350","97,347,985","71,954,581","79,816,710","71,015,798"
